[{"model": "admin.logentry", "pk": 1, "fields": {"action_time": "2021-05-21T14:12:54.571Z", "user": 1, "content_type": 9, "object_id": "1", "object_repr": "Mentor <balancy>", "action_flag": 1, "change_message": "[{\"added\": {}}]"}}, {"model": "admin.logentry", "pk": 2, "fields": {"action_time": "2021-05-21T14:14:41.327Z", "user": 1, "content_type": 4, "object_id": "2", "object_repr": "onizooka", "action_flag": 1, "change_message": "[{\"added\": {}}]"}}, {"model": "admin.logentry", "pk": 3, "fields": {"action_time": "2021-05-21T14:15:05.051Z", "user": 1, "content_type": 9, "object_id": "2", "object_repr": "Mentor <onizooka>", "action_flag": 1, "change_message": "[{\"added\": {}}]"}}, {"model": "admin.logentry", "pk": 4, "fields": {"action_time": "2021-05-21T14:15:23.233Z", "user": 1, "content_type": 4, "object_id": "2", "object_repr": "onizooka", "action_flag": 2, "change_message": "[{\"changed\": {\"fields\": [\"Staff status\"]}}]"}}, {"model": "admin.logentry", "pk": 5, "fields": {"action_time": "2021-05-21T14:15:28.940Z", "user": 1, "content_type": 4, "object_id": "1", "object_repr": "balancy", "action_flag": 2, "change_message": "[]"}}, {"model": "admin.logentry", "pk": 6, "fields": {"action_time": "2021-05-21T14:21:03.944Z", "user": 1, "content_type": 4, "object_id": "3", "object_repr": "vasya", "action_flag": 1, "change_message": "[{\"added\": {}}]"}}, {"model": "admin.logentry", "pk": 7, "fields": {"action_time": "2021-05-21T14:21:20.775Z", "user": 1, "content_type": 10, "object_id": "1", "object_repr": "Student <vasya>", "action_flag": 1, "change_message": "[{\"added\": {}}]"}}, {"model": "admin.logentry", "pk": 8, "fields": {"action_time": "2021-05-21T14:21:52.509Z", "user": 1, "content_type": 4, "object_id": "4", "object_repr": "petya", "action_flag": 1, "change_message": "[{\"added\": {}}]"}}, {"model": "admin.logentry", "pk": 9, "fields": {"action_time": "2021-05-21T14:22:07.743Z", "user": 1, "content_type": 10, "object_id": "2", "object_repr": "Student <petya>", "action_flag": 1, "change_message": "[{\"added\": {}}]"}}, {"model": "admin.logentry", "pk": 10, "fields": {"action_time": "2021-05-21T14:22:29.969Z", "user": 1, "content_type": 7, "object_id": "1", "object_repr": "Category <Python разработчик>", "action_flag": 1, "change_message": "[{\"added\": {}}]"}}, {"model": "admin.logentry", "pk": 11, "fields": {"action_time": "2021-05-21T14:22:44.615Z", "user": 1, "content_type": 7, "object_id": "2", "object_repr": "Category <JS разработчик>", "action_flag": 1, "change_message": "[{\"added\": {}}]"}}, {"model": "admin.logentry", "pk": 12, "fields": {"action_time": "2021-05-21T14:24:10.048Z", "user": 1, "content_type": 11, "object_id": "1", "object_repr": "Course <Основы Python>", "action_flag": 1, "change_message": "[{\"added\": {}}]"}}, {"model": "admin.logentry", "pk": 13, "fields": {"action_time": "2021-05-21T14:24:19.055Z", "user": 1, "content_type": 11, "object_id": "1", "object_repr": "Course <Основы Python>", "action_flag": 2, "change_message": "[]"}}, {"model": "admin.logentry", "pk": 14, "fields": {"action_time": "2021-05-21T14:26:21.814Z", "user": 1, "content_type": 11, "object_id": "1", "object_repr": "Course <Python. Начальный уровень>", "action_flag": 2, "change_message": "[{\"changed\": {\"fields\": [\"\\u041d\\u0430\\u0437\\u0432\\u0430\\u043d\\u0438\\u0435\", \"\\u041e\\u043f\\u0438\\u0441\\u0430\\u043d\\u0438\\u0435 \\u043a\\u0443\\u0440\\u0441\\u0430\"]}}]"}}, {"model": "admin.logentry", "pk": 15, "fields": {"action_time": "2021-05-21T14:27:01.856Z", "user": 1, "content_type": 7, "object_id": "1", "object_repr": "Category <Классические инвестиционные инструменты>", "action_flag": 2, "change_message": "[{\"changed\": {\"fields\": [\"\\u041d\\u0430\\u0437\\u0432\\u0430\\u043d\\u0438\\u0435\"]}}]"}}, {"model": "admin.logentry", "pk": 16, "fields": {"action_time": "2021-05-21T14:27:12.655Z", "user": 1, "content_type": 7, "object_id": "2", "object_repr": "Category <Криптовалютный рынок>", "action_flag": 2, "change_message": "[{\"changed\": {\"fields\": [\"\\u041d\\u0430\\u0437\\u0432\\u0430\\u043d\\u0438\\u0435\"]}}]"}}, {"model": "admin.logentry", "pk": 17, "fields": {"action_time": "2021-05-21T14:27:46.374Z", "user": 1, "content_type": 11, "object_id": "1", "object_repr": "Course <Облигации>", "action_flag": 2, "change_message": "[{\"changed\": {\"fields\": [\"\\u041d\\u0430\\u0437\\u0432\\u0430\\u043d\\u0438\\u0435\", \"\\u041e\\u043f\\u0438\\u0441\\u0430\\u043d\\u0438\\u0435 \\u043a\\u0443\\u0440\\u0441\\u0430\"]}}]"}}, {"model": "admin.logentry", "pk": 18, "fields": {"action_time": "2021-05-21T14:28:46.376Z", "user": 1, "content_type": 11, "object_id": "1", "object_repr": "Course <Введение в \"Инвестиции в облигации\">", "action_flag": 2, "change_message": "[{\"changed\": {\"fields\": [\"\\u041d\\u0430\\u0437\\u0432\\u0430\\u043d\\u0438\\u0435\"]}}]"}}, {"model": "admin.logentry", "pk": 19, "fields": {"action_time": "2021-05-21T14:34:10.645Z", "user": 1, "content_type": 11, "object_id": "2", "object_repr": "Course <Введение в \"Пассивные инвестиции\">", "action_flag": 1, "change_message": "[{\"added\": {}}]"}}, {"model": "admin.logentry", "pk": 20, "fields": {"action_time": "2021-05-21T14:34:57.596Z", "user": 1, "content_type": 11, "object_id": "2", "object_repr": "Course <Пассивные инвестиции>", "action_flag": 2, "change_message": "[{\"changed\": {\"fields\": [\"\\u041d\\u0430\\u0437\\u0432\\u0430\\u043d\\u0438\\u0435\", \"\\u041e\\u043f\\u0438\\u0441\\u0430\\u043d\\u0438\\u0435 \\u043a\\u0443\\u0440\\u0441\\u0430\"]}}]"}}, {"model": "admin.logentry", "pk": 21, "fields": {"action_time": "2021-05-21T14:35:15.117Z", "user": 1, "content_type": 11, "object_id": "1", "object_repr": "Course <Инвестиции в облигации>", "action_flag": 2, "change_message": "[{\"changed\": {\"fields\": [\"\\u041d\\u0430\\u0437\\u0432\\u0430\\u043d\\u0438\\u0435\", \"\\u041e\\u043f\\u0438\\u0441\\u0430\\u043d\\u0438\\u0435 \\u043a\\u0443\\u0440\\u0441\\u0430\"]}}]"}}, {"model": "admin.logentry", "pk": 22, "fields": {"action_time": "2021-05-21T14:36:15.906Z", "user": 1, "content_type": 11, "object_id": "3", "object_repr": "Course <Технология \"Блокчейн\">", "action_flag": 1, "change_message": "[{\"added\": {}}]"}}, {"model": "admin.logentry", "pk": 23, "fields": {"action_time": "2021-05-21T14:37:07.406Z", "user": 1, "content_type": 11, "object_id": "4", "object_repr": "Course <Биткоин как ведущая криптовалюта>", "action_flag": 1, "change_message": "[{\"added\": {}}]"}}, {"model": "admin.logentry", "pk": 24, "fields": {"action_time": "2021-05-21T14:38:13.261Z", "user": 1, "content_type": 8, "object_id": "1", "object_repr": "Tag <Инвестиции>", "action_flag": 1, "change_message": "[{\"added\": {}}]"}}, {"model": "admin.logentry", "pk": 25, "fields": {"action_time": "2021-05-21T14:38:20.813Z", "user": 1, "content_type": 8, "object_id": "2", "object_repr": "Tag <Облигации>", "action_flag": 1, "change_message": "[{\"added\": {}}]"}}, {"model": "admin.logentry", "pk": 26, "fields": {"action_time": "2021-05-21T14:38:36.230Z", "user": 1, "content_type": 8, "object_id": "3", "object_repr": "Tag <Фондовый рынок>", "action_flag": 1, "change_message": "[{\"added\": {}}]"}}, {"model": "admin.logentry", "pk": 27, "fields": {"action_time": "2021-05-21T14:38:43.709Z", "user": 1, "content_type": 8, "object_id": "4", "object_repr": "Tag <Акции>", "action_flag": 1, "change_message": "[{\"added\": {}}]"}}, {"model": "admin.logentry", "pk": 28, "fields": {"action_time": "2021-05-21T14:38:50.238Z", "user": 1, "content_type": 8, "object_id": "5", "object_repr": "Tag <ETF>", "action_flag": 1, "change_message": "[{\"added\": {}}]"}}, {"model": "admin.logentry", "pk": 29, "fields": {"action_time": "2021-05-21T14:38:58.508Z", "user": 1, "content_type": 8, "object_id": "6", "object_repr": "Tag <Паевые фонды>", "action_flag": 1, "change_message": "[{\"added\": {}}]"}}, {"model": "admin.logentry", "pk": 30, "fields": {"action_time": "2021-05-21T14:39:14.095Z", "user": 1, "content_type": 8, "object_id": "7", "object_repr": "Tag <Стратегия>", "action_flag": 1, "change_message": "[{\"added\": {}}]"}}, {"model": "admin.logentry", "pk": 31, "fields": {"action_time": "2021-05-21T14:39:37.085Z", "user": 1, "content_type": 8, "object_id": "8", "object_repr": "Tag <Пассивный заработок>", "action_flag": 1, "change_message": "[{\"added\": {}}]"}}, {"model": "admin.logentry", "pk": 32, "fields": {"action_time": "2021-05-21T14:39:42.791Z", "user": 1, "content_type": 8, "object_id": "9", "object_repr": "Tag <Трейдинг>", "action_flag": 1, "change_message": "[{\"added\": {}}]"}}, {"model": "admin.logentry", "pk": 33, "fields": {"action_time": "2021-05-21T14:39:49.815Z", "user": 1, "content_type": 8, "object_id": "10", "object_repr": "Tag <Сложный процент>", "action_flag": 1, "change_message": "[{\"added\": {}}]"}}, {"model": "admin.logentry", "pk": 34, "fields": {"action_time": "2021-05-21T14:39:56.567Z", "user": 1, "content_type": 8, "object_id": "11", "object_repr": "Tag <Криптовалюта>", "action_flag": 1, "change_message": "[{\"added\": {}}]"}}, {"model": "admin.logentry", "pk": 35, "fields": {"action_time": "2021-05-21T14:40:01.959Z", "user": 1, "content_type": 8, "object_id": "12", "object_repr": "Tag <Блокчейн>", "action_flag": 1, "change_message": "[{\"added\": {}}]"}}, {"model": "admin.logentry", "pk": 36, "fields": {"action_time": "2021-05-21T14:40:07.031Z", "user": 1, "content_type": 8, "object_id": "13", "object_repr": "Tag <Майнинг>", "action_flag": 1, "change_message": "[{\"added\": {}}]"}}, {"model": "admin.logentry", "pk": 37, "fields": {"action_time": "2021-05-21T14:40:15.967Z", "user": 1, "content_type": 8, "object_id": "14", "object_repr": "Tag <Биткоин>", "action_flag": 1, "change_message": "[{\"added\": {}}]"}}, {"model": "admin.logentry", "pk": 38, "fields": {"action_time": "2021-05-21T14:40:22.140Z", "user": 1, "content_type": 8, "object_id": "15", "object_repr": "Tag <Альткоины>", "action_flag": 1, "change_message": "[{\"added\": {}}]"}}, {"model": "admin.logentry", "pk": 39, "fields": {"action_time": "2021-05-21T14:40:27.563Z", "user": 1, "content_type": 8, "object_id": "16", "object_repr": "Tag <Etherium>", "action_flag": 1, "change_message": "[{\"added\": {}}]"}}, {"model": "admin.logentry", "pk": 40, "fields": {"action_time": "2021-05-21T14:42:04.532Z", "user": 1, "content_type": 12, "object_id": "1", "object_repr": "Lesson <Что такое \"Облигации\">", "action_flag": 1, "change_message": "[{\"added\": {}}]"}}, {"model": "admin.logentry", "pk": 41, "fields": {"action_time": "2021-05-21T14:44:03.910Z", "user": 1, "content_type": 12, "object_id": "2", "object_repr": "Lesson <Государственные облигации>", "action_flag": 1, "change_message": "[{\"added\": {}}]"}}, {"model": "admin.logentry", "pk": 42, "fields": {"action_time": "2021-05-21T14:44:15.423Z", "user": 1, "content_type": 12, "object_id": "2", "object_repr": "Lesson <Государственные облигации>", "action_flag": 2, "change_message": "[]"}}, {"model": "admin.logentry", "pk": 43, "fields": {"action_time": "2021-05-21T14:45:42.435Z", "user": 1, "content_type": 12, "object_id": "3", "object_repr": "Lesson <ETF>", "action_flag": 1, "change_message": "[{\"added\": {}}]"}}, {"model": "admin.logentry", "pk": 44, "fields": {"action_time": "2021-05-21T14:46:35.380Z", "user": 1, "content_type": 12, "object_id": "4", "object_repr": "Lesson <Паевой инвестиционный фонд>", "action_flag": 1, "change_message": "[{\"added\": {}}]"}}, {"model": "admin.logentry", "pk": 45, "fields": {"action_time": "2021-05-21T14:48:48.633Z", "user": 1, "content_type": 12, "object_id": "5", "object_repr": "Lesson <Введение в \"Блокчейн\">", "action_flag": 1, "change_message": "[{\"added\": {}}]"}}, {"model": "admin.logentry", "pk": 46, "fields": {"action_time": "2021-05-21T14:49:38.480Z", "user": 1, "content_type": 12, "object_id": "6", "object_repr": "Lesson <Блокчейн. Разновидности>", "action_flag": 1, "change_message": "[{\"added\": {}}]"}}, {"model": "admin.logentry", "pk": 47, "fields": {"action_time": "2021-05-21T14:52:33.238Z", "user": 1, "content_type": 13, "object_id": "1", "object_repr": "Schedule <Lesson <Что такое \"Облигации\">> <Student <vasya>> at 2021-05-26 12:00:00+00:00", "action_flag": 1, "change_message": "[{\"added\": {}}]"}}, {"model": "admin.logentry", "pk": 48, "fields": {"action_time": "2021-05-21T14:52:58.913Z", "user": 1, "content_type": 13, "object_id": "2", "object_repr": "Schedule <Lesson <Государственные облигации>> <Student <vasya>> at 2021-05-27 12:00:00+00:00", "action_flag": 1, "change_message": "[{\"added\": {}}]"}}, {"model": "admin.logentry", "pk": 49, "fields": {"action_time": "2021-05-21T14:53:19.380Z", "user": 1, "content_type": 13, "object_id": "3", "object_repr": "Schedule <Lesson <Введение в \"Блокчейн\">> <Student <petya>> at 2021-05-24 12:00:00+00:00", "action_flag": 1, "change_message": "[{\"added\": {}}]"}}, {"model": "admin.logentry", "pk": 50, "fields": {"action_time": "2021-05-21T14:53:36.753Z", "user": 1, "content_type": 13, "object_id": "4", "object_repr": "Schedule <Lesson <Блокчейн. Разновидности>> <Student <petya>> at 2021-05-25 12:00:00+00:00", "action_flag": 1, "change_message": "[{\"added\": {}}]"}}, {"model": "auth.permission", "pk": 1, "fields": {"name": "Can add log entry", "content_type": 1, "codename": "add_logentry"}}, {"model": "auth.permission", "pk": 2, "fields": {"name": "Can change log entry", "content_type": 1, "codename": "change_logentry"}}, {"model": "auth.permission", "pk": 3, "fields": {"name": "Can delete log entry", "content_type": 1, "codename": "delete_logentry"}}, {"model": "auth.permission", "pk": 4, "fields": {"name": "Can view log entry", "content_type": 1, "codename": "view_logentry"}}, {"model": "auth.permission", "pk": 5, "fields": {"name": "Can add permission", "content_type": 2, "codename": "add_permission"}}, {"model": "auth.permission", "pk": 6, "fields": {"name": "Can change permission", "content_type": 2, "codename": "change_permission"}}, {"model": "auth.permission", "pk": 7, "fields": {"name": "Can delete permission", "content_type": 2, "codename": "delete_permission"}}, {"model": "auth.permission", "pk": 8, "fields": {"name": "Can view permission", "content_type": 2, "codename": "view_permission"}}, {"model": "auth.permission", "pk": 9, "fields": {"name": "Can add group", "content_type": 3, "codename": "add_group"}}, {"model": "auth.permission", "pk": 10, "fields": {"name": "Can change group", "content_type": 3, "codename": "change_group"}}, {"model": "auth.permission", "pk": 11, "fields": {"name": "Can delete group", "content_type": 3, "codename": "delete_group"}}, {"model": "auth.permission", "pk": 12, "fields": {"name": "Can view group", "content_type": 3, "codename": "view_group"}}, {"model": "auth.permission", "pk": 13, "fields": {"name": "Can add user", "content_type": 4, "codename": "add_user"}}, {"model": "auth.permission", "pk": 14, "fields": {"name": "Can change user", "content_type": 4, "codename": "change_user"}}, {"model": "auth.permission", "pk": 15, "fields": {"name": "Can delete user", "content_type": 4, "codename": "delete_user"}}, {"model": "auth.permission", "pk": 16, "fields": {"name": "Can view user", "content_type": 4, "codename": "view_user"}}, {"model": "auth.permission", "pk": 17, "fields": {"name": "Can add content type", "content_type": 5, "codename": "add_contenttype"}}, {"model": "auth.permission", "pk": 18, "fields": {"name": "Can change content type", "content_type": 5, "codename": "change_contenttype"}}, {"model": "auth.permission", "pk": 19, "fields": {"name": "Can delete content type", "content_type": 5, "codename": "delete_contenttype"}}, {"model": "auth.permission", "pk": 20, "fields": {"name": "Can view content type", "content_type": 5, "codename": "view_contenttype"}}, {"model": "auth.permission", "pk": 21, "fields": {"name": "Can add session", "content_type": 6, "codename": "add_session"}}, {"model": "auth.permission", "pk": 22, "fields": {"name": "Can change session", "content_type": 6, "codename": "change_session"}}, {"model": "auth.permission", "pk": 23, "fields": {"name": "Can delete session", "content_type": 6, "codename": "delete_session"}}, {"model": "auth.permission", "pk": 24, "fields": {"name": "Can view session", "content_type": 6, "codename": "view_session"}}, {"model": "auth.permission", "pk": 25, "fields": {"name": "Can add Категория", "content_type": 7, "codename": "add_category"}}, {"model": "auth.permission", "pk": 26, "fields": {"name": "Can change Категория", "content_type": 7, "codename": "change_category"}}, {"model": "auth.permission", "pk": 27, "fields": {"name": "Can delete Категория", "content_type": 7, "codename": "delete_category"}}, {"model": "auth.permission", "pk": 28, "fields": {"name": "Can view Категория", "content_type": 7, "codename": "view_category"}}, {"model": "auth.permission", "pk": 29, "fields": {"name": "Can add Тег", "content_type": 8, "codename": "add_tag"}}, {"model": "auth.permission", "pk": 30, "fields": {"name": "Can change Тег", "content_type": 8, "codename": "change_tag"}}, {"model": "auth.permission", "pk": 31, "fields": {"name": "Can delete Тег", "content_type": 8, "codename": "delete_tag"}}, {"model": "auth.permission", "pk": 32, "fields": {"name": "Can view Тег", "content_type": 8, "codename": "view_tag"}}, {"model": "auth.permission", "pk": 33, "fields": {"name": "Can add Преподаватель", "content_type": 9, "codename": "add_mentor"}}, {"model": "auth.permission", "pk": 34, "fields": {"name": "Can change Преподаватель", "content_type": 9, "codename": "change_mentor"}}, {"model": "auth.permission", "pk": 35, "fields": {"name": "Can delete Преподаватель", "content_type": 9, "codename": "delete_mentor"}}, {"model": "auth.permission", "pk": 36, "fields": {"name": "Can view Преподаватель", "content_type": 9, "codename": "view_mentor"}}, {"model": "auth.permission", "pk": 37, "fields": {"name": "Can add Студент", "content_type": 10, "codename": "add_student"}}, {"model": "auth.permission", "pk": 38, "fields": {"name": "Can change Студент", "content_type": 10, "codename": "change_student"}}, {"model": "auth.permission", "pk": 39, "fields": {"name": "Can delete Студент", "content_type": 10, "codename": "delete_student"}}, {"model": "auth.permission", "pk": 40, "fields": {"name": "Can view Студент", "content_type": 10, "codename": "view_student"}}, {"model": "auth.permission", "pk": 41, "fields": {"name": "Can add Курс", "content_type": 11, "codename": "add_course"}}, {"model": "auth.permission", "pk": 42, "fields": {"name": "Can change Курс", "content_type": 11, "codename": "change_course"}}, {"model": "auth.permission", "pk": 43, "fields": {"name": "Can delete Курс", "content_type": 11, "codename": "delete_course"}}, {"model": "auth.permission", "pk": 44, "fields": {"name": "Can view Курс", "content_type": 11, "codename": "view_course"}}, {"model": "auth.permission", "pk": 45, "fields": {"name": "Can add Занятие", "content_type": 12, "codename": "add_lesson"}}, {"model": "auth.permission", "pk": 46, "fields": {"name": "Can change Занятие", "content_type": 12, "codename": "change_lesson"}}, {"model": "auth.permission", "pk": 47, "fields": {"name": "Can delete Занятие", "content_type": 12, "codename": "delete_lesson"}}, {"model": "auth.permission", "pk": 48, "fields": {"name": "Can view Занятие", "content_type": 12, "codename": "view_lesson"}}, {"model": "auth.permission", "pk": 49, "fields": {"name": "Can add Расписание", "content_type": 13, "codename": "add_schedule"}}, {"model": "auth.permission", "pk": 50, "fields": {"name": "Can change Расписание", "content_type": 13, "codename": "change_schedule"}}, {"model": "auth.permission", "pk": 51, "fields": {"name": "Can delete Расписание", "content_type": 13, "codename": "delete_schedule"}}, {"model": "auth.permission", "pk": 52, "fields": {"name": "Can view Расписание", "content_type": 13, "codename": "view_schedule"}}, {"model": "auth.user", "pk": 1, "fields": {"password": "pbkdf2_sha256$260000$TAz6YIaEjJlmHp4I88hk7U$mSAohjRYhTIrEWL/Drv/xU542nQKi7umUn0N4SRtnDk=", "last_login": "2021-05-24T16:36:26.930Z", "is_superuser": true, "username": "balancy", "first_name": "", "last_name": "", "email": "", "is_staff": true, "is_active": true, "date_joined": "2021-05-21T14:11:52Z", "groups": [], "user_permissions": []}}, {"model": "auth.user", "pk": 2, "fields": {"password": "pbkdf2_sha256$260000$p72A8x0bwOTpq1ycfu5hpY$ZcOLZIlpBXTci/jBGo9UQorj9GL74uf1xwFkyq/17Fc=", "last_login": null, "is_superuser": false, "username": "onizooka", "first_name": "", "last_name": "", "email": "", "is_staff": true, "is_active": true, "date_joined": "2021-05-21T14:14:41Z", "groups": [], "user_permissions": []}}, {"model": "auth.user", "pk": 3, "fields": {"password": "pbkdf2_sha256$260000$S92kcioFqljOsEnEUZON5V$xFtG6MdEL3jG9s1YApBpVqjkgi7zl0yeMv15InLZXVI=", "last_login": null, "is_superuser": false, "username": "vasya", "first_name": "", "last_name": "", "email": "", "is_staff": false, "is_active": true, "date_joined": "2021-05-21T14:21:03.730Z", "groups": [], "user_permissions": []}}, {"model": "auth.user", "pk": 4, "fields": {"password": "pbkdf2_sha256$260000$EIpIosy6MIncUyB8JjGrU7$s5HWqnL1wWSFaiyFO67aEJyeZamyybD2bBYTAB1vCkw=", "last_login": null, "is_superuser": false, "username": "petya", "first_name": "", "last_name": "", "email": "", "is_staff": false, "is_active": true, "date_joined": "2021-05-21T14:21:52.294Z", "groups": [], "user_permissions": []}}, {"model": "contenttypes.contenttype", "pk": 1, "fields": {"app_label": "admin", "model": "logentry"}}, {"model": "contenttypes.contenttype", "pk": 2, "fields": {"app_label": "auth", "model": "permission"}}, {"model": "contenttypes.contenttype", "pk": 3, "fields": {"app_label": "auth", "model": "group"}}, {"model": "contenttypes.contenttype", "pk": 4, "fields": {"app_label": "auth", "model": "user"}}, {"model": "contenttypes.contenttype", "pk": 5, "fields": {"app_label": "contenttypes", "model": "contenttype"}}, {"model": "contenttypes.contenttype", "pk": 6, "fields": {"app_label": "sessions", "model": "session"}}, {"model": "contenttypes.contenttype", "pk": 7, "fields": {"app_label": "education", "model": "category"}}, {"model": "contenttypes.contenttype", "pk": 8, "fields": {"app_label": "education", "model": "tag"}}, {"model": "contenttypes.contenttype", "pk": 9, "fields": {"app_label": "education", "model": "mentor"}}, {"model": "contenttypes.contenttype", "pk": 10, "fields": {"app_label": "education", "model": "student"}}, {"model": "contenttypes.contenttype", "pk": 11, "fields": {"app_label": "education", "model": "course"}}, {"model": "contenttypes.contenttype", "pk": 12, "fields": {"app_label": "education", "model": "lesson"}}, {"model": "contenttypes.contenttype", "pk": 13, "fields": {"app_label": "education", "model": "schedule"}}, {"model": "sessions.session", "pk": "06xheyztc4vsfn64pc000c9evqrh0eqh", "fields": {"session_data": ".eJxVjMsOwiAQRf-FtSE8pAwu3fcbyAxMpWogKe3K-O_apAvd3nPOfYmI21ri1nmJcxYXocXpdyNMD647yHestyZTq-syk9wVedAux5b5eT3cv4OCvXxrJvATBU9gCFgFRYwalLfOZsVnchBIAQ1ocnApGaOtT5xhQk0p2EG8P-_HODY:1llDZ4:T2xSvbkeMGQZ6rP5r4oAEAlLnLYjHsbFl6vfnCV8xYk", "expire_date": "2021-06-07T16:36:26.936Z"}}, {"model": "education.mentor", "pk": 1, "fields": {"user": 1, "status": "Ночной хулиган", "bio": "Стал крупнейшим преподавателем"}}, {"model": "education.mentor", "pk": 2, "fields": {"user": 2, "status": "Шеф", "bio": "Стал главным в короткие сроки"}}, {"model": "education.student", "pk": 1, "fields": {"user": 3, "status": "второгодка", "bio": ""}}, {"model": "education.student", "pk": 2, "fields": {"user": 4, "status": "ботан", "bio": ""}}, {"model": "education.category", "pk": 1, "fields": {"title": "Классические инвестиционные инструменты"}}, {"model": "education.category", "pk": 2, "fields": {"title": "Криптовалютный рынок"}}, {"model": "education.course", "pk": 1, "fields": {"responsible": 1, "category": 1, "title": "Инвестиции в облигации!", "description": "<p>Курс рассказывает об инвестициях в облигации.</p>"}}, {"model": "education.course", "pk": 2, "fields": {"responsible": 1, "category": 1, "title": "Пассивные инвестиции", "description": "<p>Курс расскажет о пассивном инвестировании.</p>"}}, {"model": "education.course", "pk": 3, "fields": {"responsible": 2, "category": 2, "title": "Технология \"Блокчейн\"", "description": "<p>В этом курсы будет рассказано всё необходимое о технологии \"Блокчейн\".</p>"}}, {"model": "education.course", "pk": 4, "fields": {"responsible": 2, "category": 2, "title": "Биткоин как ведущая криптовалюта", "description": "<p>В этом курсе рассказывается о Биткоине как о ведущей криптовалюте.</p>"}}, {"model": "education.course", "pk": 5, "fields": {"responsible": 1, "category": 1, "title": "Инвестиции в акции", "description": "Курс расскажет об инвестициях в акции"}}, {"model": "education.course", "pk": 6, "fields": {"responsible": 1, "category": 1, "title": "Риск-профиль", "description": "Курс расскажет о риск-профиле инвестора"}}, {"model": "education.course", "pk": 7, "fields": {"responsible": 2, "category": 2, "title": "Etherium", "description": "Курс о Etherium"}}, {"model": "education.lesson", "pk": 1, "fields": {"mentor": 1, "course": 1, "title": "Что такое \"Облигации\"", "description": "Занятие по облигациям", "text": "<p><strong>Облигация</strong>&nbsp;&ndash; это долговая&nbsp;<a title=\"ценная бумага\" href=\"https://www.banki.ru/wikibank/%D6%E5%ED%ED%E0%FF+%E1%F3%EC%E0%E3%E0/\">ценная бумага</a>, по которой эмитент - компания или государство - обязуется выплатить инвестору определенную сумму и определенный процент в будущем.</p>\r\n<p>Исходя из предполагаемого дохода инвесторов, облигации подразделяются на&nbsp;<a title=\"дисконтные\" href=\"https://www.banki.ru/wikibank/%C4%E8%F1%EA%EE%ED%F2%ED%E0%FF+%EE%E1%EB%E8%E3%E0%F6%E8%FF/\">дисконтные</a>&nbsp;и&nbsp;<a title=\"купонные\" href=\"https://www.banki.ru/wikibank/%CE%E1%EB%E8%E3%E0%F6%E8%FF+%F1+%F4%E8%EA%F1%E8%F0%EE%E2%E0%ED%ED%EE%E9+%EF%F0%EE%F6%E5%ED%F2%ED%EE%E9+%F1%F2%E0%E2%EA%EE%E9/\">купонные</a>&nbsp;- с фиксированной процентной ставкой.</p>\r\n<p>Доход инвестора может складываться из двух составляющих: во-первых, компания-эмитент обязуется производить выплаты с определенной периодичностью, чаще всего один или два раза в год, по определенной в условиях выпуска облигации годовой процентной ставке. Это так называемый доход по&nbsp;<a title=\"купонам\" href=\"https://www.banki.ru/wikibank/%CA%F3%EF%EE%ED/\">купонам</a>&nbsp;или купонный доход.</p>\r\n<p>Во-вторых, доход инвестора может складываться из разницы между ценой покупки облигации и ее номиналом, то есть ценой погашения. Такую разницу принято называть&nbsp;<a title=\"дисконтом\" href=\"https://www.banki.ru/wikibank/%C4%E8%F1%EA%EE%ED%F2+%E8%EB%E8+%EF%F0%E5%EC%E8%FF+%EF%F0%E8+%EF%EE%EA%F3%EF%EA%E5+%EE%E1%EB%E8%E3%E0%F6%E8%E8/\">дисконтом</a>, а доход &ndash; дисконтным.</p>\r\n<p>Достаточно часто в финансовой практике встречаются облигации с плавающей процентной ставкой. Доходность по такой ценной бумаге привязывается к ставкам межбанковского рынка, к&nbsp;<a title=\"ставке рефинансирования\" href=\"https://www.banki.ru/wikibank/%D1%F2%E0%E2%EA%E0+%F0%E5%F4%E8%ED%E0%ED%F1%E8%F0%EE%E2%E0%ED%E8%FF/\">ставке рефинансирования</a>&nbsp;или к другим финансовым индикаторам.</p>\r\n<p>По срокам обращения облигации принято разделять на краткосрочные, среднесрочные и долгосрочные. В разных странах за основу разделения берутся разные периоды. Как правило, к краткосрочным облигациям относятся ценные бумаги, выпущенные на один-два года. Среднесрочные &ndash; пять-семь лет. Долгосрочные &ndash; более семи лет.</p>\r\n<p>Кроме того, существуют вообще бессрочные облигации. Так, во время Второй мировой войны казначейство Великобритании выпустило военный заем (War Loan). Из года в год по нему выплачивается купонная процентная ставка 3,5% годовых. В результате того, что эти облигации торгуются на бирже с большим дисконтом, текущие котировки составляют около 74-75% от номинала. На сегодняшний день инвесторы получают по ним доход в районе 4% годовых. Если бы правительство Великобритании захотело погасить этот долг, то оно должно было бы заплатить 100% от номинальной стоимости. Таким образом, сложилась ситуация, когда эмитенту выгоднее выплачивать купонный доход, чем выкупить эти облигации. В результате мы можем предположить, что они вообще не будут погашены в обозримом будущем.</p>\r\n<p>В России в настоящее время выпускаются государственные, муниципальные и корпоративные облигации. Традиционно основной торговой площадкой для российских облигаций является Московская межбанковская валютная биржа</p>\r\n<p>В декабре 2011 года Московская межбанковская валютная биржа объединилась с РТС в ММВБ-РТС (с 2012 года носит название &laquo;Московская биржа&raquo;).</p>", "tags": [1, 2, 3, 7]}}, {"model": "education.lesson", "pk": 2, "fields": {"mentor": 1, "course": 1, "title": "Государственные облигации", "description": "Занятие по гос облигациям", "text": "<p>В РФ выпуском гособлигаций ведает МинФин РФ, они называются ОФЗ &mdash;&nbsp;<a href=\"https://ofzdohod.ru/bonds/ofz/\">Облигации Федерального Займа</a>. В США, к примеру, государственные облигации выпускает Казначейство США (US Treasury), а облигации именуются \"трежерс\" (treasures). Государственные облигации выпускают Министерства Финансов или Казначейства разных стран, обеспечивая, тем самым, гарантию государства.</p>\r\n<p>Облигации могут быть не только государственными, есть&nbsp;<a href=\"https://ofzdohod.ru/bonds/basics/vidy-obligatcii/\">множество разновидностей</a>&nbsp;по разным параметрам, читайте также в одной из наших статей&nbsp;<a href=\"https://ofzdohod.ru/bonds/basics/chto-takoe-obligatcii/\">объяснение сути облигаций простыми словами</a>.</p>\r\n<h2 id=\"dlia-chego-ikh-vypuskaet-gosud\">Для чего их выпускает государство?</h2>\r\n<ul>\r\n<li><img class=\"pull-right\" src=\"https://ofzdohod.ru/site/assets/files/1326/finance_icon_41.150x0-is-pid1321.png\" alt=\"\" width=\"150\" />Для покрытия дефицита гос. бюджета.<br />Нехватка финансовых средств наблюдается ежегодно, поэтому для его компенсации государство выпускает облигации среднего и длительного срока.</li>\r\n<li>Для устранения временного дефицита бюджета, который возникает, когда государство потратило часть бюджета, а налоги или какие-либо другие доходы еще не поступили в казну (ещё это называют &laquo;кассовый разрыв&raquo;). Время от времени наблюдается дефицит бюджета (как правило, в конце/начале квартала), и для его нейтрализации выпускают облигации короткого срока действия.</li>\r\n<li>Для финансирования гос. проектов.<br />К примеру, целевые облигации, которые выпускаются для реализации конкретных проектов. Федеральная трасса, развитие какого-то сектора экономики и так далее.</li>\r\n<li>Привлечение средств для выплаты задолженности по другим ценным бумагам. Иначе это называется рефинансирование.</li>\r\n<li>В особых случаях государства выпускают облигации для того, чтобы рассчитаться ими за работы по гос. заказу.</li>\r\n</ul>", "tags": [1, 2, 3]}}, {"model": "education.lesson", "pk": 3, "fields": {"mentor": 1, "course": 2, "title": "ETF", "description": "Занятие по ETF", "text": "<p><strong>Торгуемый на бирже фонд</strong>&nbsp;(<a title=\"\" href=\"https://ru.wikipedia.org/wiki/%D0%90%D0%BD%D0%B3%D0%BB%D0%B8%D0%B9%D1%81%D0%BA%D0%B8%D0%B9_%D1%8F%D0%B7%D1%8B%D0%BA\">англ.</a>&nbsp;<span lang=\"en\">exchange-traded fund, ETF</span>),&nbsp;<strong>биржевой инвестиционный фонд</strong>&nbsp;&mdash; индексный фонд, паи (акции) которого обращаются на&nbsp;<a title=\"Фондовая биржа\" href=\"https://ru.wikipedia.org/wiki/%D0%A4%D0%BE%D0%BD%D0%B4%D0%BE%D0%B2%D0%B0%D1%8F_%D0%B1%D0%B8%D1%80%D0%B6%D0%B0\">бирже</a>. Структура ETF как правило повторяет структуру выбранного&nbsp;<a title=\"Фондовый индекс\" href=\"https://ru.wikipedia.org/wiki/%D0%A4%D0%BE%D0%BD%D0%B4%D0%BE%D0%B2%D1%8B%D0%B9_%D0%B8%D0%BD%D0%B4%D0%B5%D0%BA%D1%81\">базового индекса</a>. В отличие от индексного&nbsp;<a title=\"Паевой инвестиционный фонд\" href=\"https://ru.wikipedia.org/wiki/%D0%9F%D0%B0%D0%B5%D0%B2%D0%BE%D0%B9_%D0%B8%D0%BD%D0%B2%D0%B5%D1%81%D1%82%D0%B8%D1%86%D0%B8%D0%BE%D0%BD%D0%BD%D1%8B%D0%B9_%D1%84%D0%BE%D0%BD%D0%B4\">паевого инвестиционного фонда</a>, с акциями ETF можно производить все операции, которые доступны для обыкновенных акций в биржевой торговле. В этом основное преимущество ETF перед ПИФ&nbsp;&mdash; операции по акциям ETF могут совершаться в течение всего торгового дня, и их цена меняется в зависимости от активности участников рынка. Фактически ETF является новым видом&nbsp;<a title=\"Ценная бумага\" href=\"https://ru.wikipedia.org/wiki/%D0%A6%D0%B5%D0%BD%D0%BD%D0%B0%D1%8F_%D0%B1%D1%83%D0%BC%D0%B0%D0%B3%D0%B0\">ценных бумаг</a>, выполняющим роль сертификата на&nbsp;<a title=\"Портфель (финансы)\" href=\"https://ru.wikipedia.org/wiki/%D0%9F%D0%BE%D1%80%D1%82%D1%84%D0%B5%D0%BB%D1%8C_(%D1%84%D0%B8%D0%BD%D0%B0%D0%BD%D1%81%D1%8B)\">портфель</a>&nbsp;<a title=\"Акция (финансы)\" href=\"https://ru.wikipedia.org/wiki/%D0%90%D0%BA%D1%86%D0%B8%D1%8F_(%D1%84%D0%B8%D0%BD%D0%B0%D0%BD%D1%81%D1%8B)\">акций</a>,&nbsp;<a title=\"Облигация\" href=\"https://ru.wikipedia.org/wiki/%D0%9E%D0%B1%D0%BB%D0%B8%D0%B3%D0%B0%D1%86%D0%B8%D1%8F\">облигаций</a>,&nbsp;<a class=\"mw-redirect\" title=\"Биржевые товары\" href=\"https://ru.wikipedia.org/wiki/%D0%91%D0%B8%D1%80%D0%B6%D0%B5%D0%B2%D1%8B%D0%B5_%D1%82%D0%BE%D0%B2%D0%B0%D1%80%D1%8B\">биржевых товаров</a>.</p>", "tags": [1, 3, 5, 8]}}, {"model": "education.lesson", "pk": 4, "fields": {"mentor": 1, "course": 2, "title": "Паевой инвестиционный фонд", "description": "Занятие по ПИФам", "text": "<p><strong>Паевой инвестиционный фонд</strong>&nbsp;(ПИФ) &mdash; форма коллективных инвестиций, при которых инвесторы являются собственниками долей в имуществе&nbsp;<a title=\"фонда\" href=\"https://www.banki.ru/wikibank/%C8%ED%E2%E5%F1%F2%E8%F6%E8%EE%ED%ED%FB%E9+%F4%EE%ED%E4/\">фонда</a>. Управление осуществляется профессиональным участником рынка ценных бумаг &mdash;&nbsp;<a title=\"управляющей компанией\" href=\"https://www.banki.ru/wikibank/%D3%EF%F0%E0%E2%EB%FF%FE%F9%E0%FF+%EA%EE%EC%EF%E0%ED%E8%FF/\">управляющей компанией</a>.</p>\r\n<p>Федеральный закон № 156-ФЗ от 29 ноября 2001 года &laquo;Об инвестиционных фондах&raquo; определяет ПИФ как &laquo;обособленный имущественный комплекс, состоящий из имущества, переданного в доверительное управление управляющей компании учредителями доверительного управления с условием объединения этого имущества с имуществом иных учредителей доверительного управления, и из имущества, полученного в процессе такого управления, доля в праве собственности на которое удостоверяется ценной бумагой, выдаваемой управляющей компанией&raquo;.</p>\r\n<p>На практике ПИФ &mdash; это вид доверительного управления средствами граждан (пайщиков), при котором управляющая компания покупает ценные бумаги на их средства. Прибыль между пайщиками распределяется пропорционально количеству паев. Для инвесторов пай &mdash; это именная ценная бумага, которая удостоверяет право его владельца на часть имущества фонда. Как правило, ПИФы предназначены для таких инвесторов, у которых нет знаний и времени для того, чтобы самостоятельно заниматься размещением своих денег и управлять ими. Кроме того, инвестировать можно с минимальных сумм (от 1 тыс. рублей), что делает этот инструмент привлекательным для большинства граждан.</p>", "tags": [1, 3, 6, 8]}}, {"model": "education.lesson", "pk": 5, "fields": {"mentor": 2, "course": 3, "title": "Введение в \"Блокчейн\"", "description": "Занятие по Блокчейну", "text": "<p><strong>Технология блокчейна, ранее популярный предмет дискуссий среди IT-специалистов &ndash; или самых заядлых гиков, &ndash; недавно стала темой разговоров относительно широкого круга людей. Когда речь заходит о блокчейне, встаёт следующий вопрос: фокусируетесь ли вы на технических аспектах этой инновационной, революционной технологии, или же в массовом принятии блокчейна должна лидировать бизнес-сторона организаций?</strong></p>\r\n<p><span id=\"more-136570\"></span></p>\r\n<p>Многие традиционные СМИ затрагивали эту тему, но слишком часто в поверхностной и искажённой манере, смешивая её с горячей темой впечатляющего роста криптовалют, за которым последовал типичный послеажиотажный обвал стоимости биткойна. В 2017 г. Биткойн овладел общественным воображением, становясь всё более и более популярным в инвестиционных портфелях. Положительным следствием предвзятого внимания, полученного Биткойном в 2018 г., было привлечение большего внимания к лежащей в его основе технологии блокчейна.</p>\r\n<p>Если посмотреть на число компаний, запустивших в 2018 г. инициативы, связанные с блокчейном, то оно существенно превосходит&nbsp;<a href=\"https://bitnovosti.com/2018/02/24/46-provedennyh-v-2017-godu-ico-poterpeli-neudachu/\">ситуацию 2017 г.</a>, когда началась фаза ажиотажа. Сейчас интересное и волнительное время для тех, кто только приобщается к этой технологии, но нелегко понять, на чём в первую очередь фокусироваться, поскольку блокчейн имеет много разветвлений.</p>", "tags": [12, 14]}}, {"model": "education.lesson", "pk": 6, "fields": {"mentor": 2, "course": 3, "title": "Блокчейн. Разновидности", "description": "Занятие по разновидностям Блокчейна", "text": "<p>В начале 2017 г. чаще всего говорили о том, что предприятиям будет сложно использовать блокчейн, потому что это публичная платформа, где любой может получить доступ к вашим транзакциям. Когда приобщаешься к пространству блокчейна, то начинаешь видеть, что оно развивается быстрее, чем кажется. Мне нравится говорить:&nbsp;<em>&laquo;Блокчейн движется со скоростью быстрой улитки&raquo;</em>. В конце 2017 г. платформа Hyperledger привлекла внимание к частным блокчейнам, а в середине 2018 г. мы начали слышать об эксклюзивных, гибридных и федеративных блокчейнах. Сейчас возможно использование следующих блокчейнов:</p>\r\n<h3><a href=\"https://bitnovosti.com/2019/01/22/mnenie-bitkojn-edinstvennyj-publichnyj-blokchejn-kotoryj-prozhivet-eshhe-100-let/\">Публичные</a></h3>\r\n<p>Это первоначальный тип блокчейна, на котором построен Биткойн. Он позволяет проводить пиринговые (P2P) транзакции, причём доступ открыт для всех лиц и компаний.</p>\r\n<h3><a href=\"https://www.google.com/url?sa=t&amp;rct=j&amp;q=&amp;esrc=s&amp;source=web&amp;cd=3&amp;cad=rja&amp;uact=8&amp;ved=2ahUKEwjH4eL5lt3gAhUMIKwKHRv9BnUQFjACegQIDBAB&amp;url=https%3A%2F%2Fmedium.com%2Fcoinmonks%2Fpublic-vs-private-blockchain-in-a-nutshell-c9fe284fa39f&amp;usg=AOvVaw1mv5lKnYv2wUEhL0R5QGe_\">Частные</a></h3>\r\n<p>Позволяют определять, кто имеет доступ к транзакциям. Большинство компаний могут видеть целесообразность в таких платформах, учитывая то, как они на данный момент функционируют, не раскрывая свои данные третьим лицам.</p>\r\n<h3><a href=\"https://www.coindesk.com/information/what-is-the-difference-between-open-and-permissioned-blockchains\">Эксклюзивные</a></h3>\r\n<p>Похожи на частные и позволяют выбирать, кто может присоединиться к сети, что даёт более жёсткий контроль над транзакциями.</p>\r\n<h3><a href=\"https://medium.com/altcoin-magazine/what-is-a-hybrid-blockchain-and-why-you-need-to-know-about-it-c7b887d2bae\">Гибридные</a></h3>\r\n<p>Сочетают преимущества публичных и частных: данные остаются приватными, но могут храниться в публичном блокчейне.</p>\r\n<h3><a href=\"https://bitnovosti.com/2018/07/20/blockchain-i-tehnologii-raspredelyonnogo-reestra-chast-1/\">Федеративные</a></h3>\r\n<p>Имеют более строгий контроль и высокий уровень приватности, но также лучшую прозрачность и подотчётность.</p>\r\n<p>Менее чем за год появилось 4 усовершенствования блокчейна, обращающихся к проблемам и опасениям, которые возникали у людей, задумывавшихся об использовании этой технологии. Блокчейн также ассоциируют с технологиями цифрового реестра: и то, и другое &ndash; это технологии цифровых баз данных, только в них используются разные процессы для валидации попадающих в реестр транзакций.</p>\r\n<p>Несмотря на быстрый прогресс, блокчейн встречался с вызовами, в основном поступавшими от тех, кто хотел фокусироваться только на том, что можно было услышать о криптовалютах/токенах и о происходящем на рынке. Тем не менее даже в этом пространстве за последний год произошёл прогресс в плане превращения криптовалют в средство сбережения.</p>", "tags": [11, 12, 14]}}, {"model": "education.tag", "pk": 1, "fields": {"title": "Инвестиции"}}, {"model": "education.tag", "pk": 2, "fields": {"title": "Облигации"}}, {"model": "education.tag", "pk": 3, "fields": {"title": "Фондовый рынок"}}, {"model": "education.tag", "pk": 4, "fields": {"title": "Акции"}}, {"model": "education.tag", "pk": 5, "fields": {"title": "ETF"}}, {"model": "education.tag", "pk": 6, "fields": {"title": "Паевые фонды"}}, {"model": "education.tag", "pk": 7, "fields": {"title": "Стратегия"}}, {"model": "education.tag", "pk": 8, "fields": {"title": "Пассивный заработок"}}, {"model": "education.tag", "pk": 9, "fields": {"title": "Трейдинг"}}, {"model": "education.tag", "pk": 10, "fields": {"title": "Сложный процент"}}, {"model": "education.tag", "pk": 11, "fields": {"title": "Криптовалюта"}}, {"model": "education.tag", "pk": 12, "fields": {"title": "Блокчейн"}}, {"model": "education.tag", "pk": 13, "fields": {"title": "Майнинг"}}, {"model": "education.tag", "pk": 14, "fields": {"title": "Биткоин"}}, {"model": "education.tag", "pk": 15, "fields": {"title": "Альткоины"}}, {"model": "education.tag", "pk": 16, "fields": {"title": "Etherium"}}, {"model": "education.schedule", "pk": 1, "fields": {"lesson": 1, "student": 1, "lesson_time": "2021-05-26T12:00:00Z"}}, {"model": "education.schedule", "pk": 2, "fields": {"lesson": 2, "student": 1, "lesson_time": "2021-05-27T12:00:00Z"}}, {"model": "education.schedule", "pk": 3, "fields": {"lesson": 5, "student": 2, "lesson_time": "2021-05-24T12:00:00Z"}}, {"model": "education.schedule", "pk": 4, "fields": {"lesson": 6, "student": 2, "lesson_time": "2021-05-25T12:00:00Z"}}]